"reportInfoId","region","country","diseases","eventIdOIEReference","oieReference","eventStatus","outbreakInfoId","outbreakStartDate","outbreakEndDate","animalType","latitude","longitude","reportInfoIdlink"
"598","Africa","Botswana","Aeromonas hydrophila (Inf. with)","5381","10973","Resolved","3480","2006-12-20","2007-04-23","Aquatic","-17.8071","24.9454","https://wahis.oie.int/#/report-info?reportId=598"
"5534","Africa","Botswana","Anthrax ","15309","1000044323","Resolved","24496","2014-04-28","2014-05-23","Terrestrial","-17.9461","24.824","https://wahis.oie.int/#/report-info?reportId=5534"
"6273","Africa","Botswana","Anthrax ","17077","1000060356","Resolved","34431","2015-01-27","2015-01-28","Terrestrial","-17.8961","24.9244","https://wahis.oie.int/#/report-info?reportId=6273"
"6850","Africa","Botswana","Anthrax ","18360","1000064780","Resolved","36682","2015-07-06","2015-08-11","Terrestrial","-17.79495","25.15545","https://wahis.oie.int/#/report-info?reportId=6850"
"7494","Africa","Botswana","Anthrax ","19669","1000069545","Resolved","39269","2015-08-05","2015-09-30","Terrestrial","-17.79495","25.15545","https://wahis.oie.int/#/report-info?reportId=7494"
"14573","Africa","Botswana","Anthrax ","30490","1000115369","Resolved","63563","2019-05-09","2019-11-20","Terrestrial","-17.9065","25.15467","https://wahis.oie.int/#/report-info?reportId=14573"
"946","Africa","Botswana","Aphanomyces invadans (Inf. with) (Epizootic ulcerative syndrome)","5627","12247","Resolved","4052","2006-12-20","2007-09-03","Aquatic","-17.8071","24.9454","https://wahis.oie.int/#/report-info?reportId=946"
"3008","Africa","Botswana","Aphanomyces invadans (Inf. with) (Epizootic ulcerative syndrome)","9942","1000016201","Resolved","15328","2010-08-04","2010-10-31","Aquatic","-18.3391","21.9227","https://wahis.oie.int/#/report-info?reportId=3008"
"16236","Africa","Botswana","Aphanomyces invadans (Inf. with) (Epizootic ulcerative syndrome)","35358","1000135081","Resolved","75370","2020-07-31","2020-11-12","Aquatic","-17.80165","25.16024","https://wahis.oie.int/#/report-info?reportId=16236"
"5743","Africa","Botswana","Bluetongue virus (Inf. with) ","15919","1000047364","Resolved","25993","2014-02-24","2014-08-26","Terrestrial","-24.1403","25.38","https://wahis.oie.int/#/report-info?reportId=5743"
"7934","Africa","Botswana","Bluetongue virus (Inf. with) ","20145","1000071171","Resolved","40233","2016-05-01","2016-08-04","Terrestrial","-25.59165","25.48165","https://wahis.oie.int/#/report-info?reportId=7934"
"9162","Africa","Botswana","Bluetongue virus (Inf. with) ","23324","1000086496","Resolved","48442","2017-01-25","2017-03-21","Terrestrial","-24.28333","26.21667","https://wahis.oie.int/#/report-info?reportId=9162"
"10273","Africa","Botswana","Bluetongue virus (Inf. with) ","23515","1000087551","Resolved","48923","2017-03-10","2017-11-19","Terrestrial","-24.62645","26.1015","https://wahis.oie.int/#/report-info?reportId=10273"
"7769","Africa","Botswana","Brucella abortus (Inf. with) ","18602","1000065532","Resolved","37096","2015-08-10","2016-10-30","Terrestrial","-25.4561","25.42498","https://wahis.oie.int/#/report-info?reportId=7769"
"7769","Africa","Botswana","Brucella abortus (Inf. with) ","18602","1000065460","Resolved","37065","2015-08-31","2016-10-30","Terrestrial","-25.07462","25.509","https://wahis.oie.int/#/report-info?reportId=7769"
"11811","Africa","Botswana","Brucella abortus (Inf. with) ","28367","1000106383","Resolved","58854","2018-08-07","2018-10-23","Terrestrial","-18.034499","24.32116","https://wahis.oie.int/#/report-info?reportId=11811"
"15752","Africa","Botswana","Brucella abortus (Inf. with) ","30537","1000115572","On-going","63650","2019-04-09","2019-04-20","Terrestrial","-25.07813","25.7148","https://wahis.oie.int/#/report-info?reportId=15752"
"7648","Africa","Botswana","Dourine ","19731","1000069799","Resolved","39441","2015-12-29","2016-06-17","Terrestrial","-23.41033","25.97082","https://wahis.oie.int/#/report-info?reportId=7648"
"7648","Africa","Botswana","Dourine ","19731","1000069797","Resolved","39440","2015-12-21","2016-06-17","Terrestrial","-24.3","26","https://wahis.oie.int/#/report-info?reportId=7648"
"7648","Africa","Botswana","Dourine ","19731","1000069796","Resolved","39439","2015-10-30","2016-06-17","Terrestrial","-25.02217","24.99497","https://wahis.oie.int/#/report-info?reportId=7648"
"834","Africa","Botswana","Foot and mouth disease virus (Inf. with) ","5939","15218","Resolved","6029","2005-07-28","2005-11-02","Terrestrial","-18.53","25.65","https://wahis.oie.int/#/report-info?reportId=834"
"520","Africa","Botswana","Foot and mouth disease virus (Inf. with) ","5143","10031","Resolved","3162","2006-04-11","2006-11-08","Terrestrial","-21.99","28.03","https://wahis.oie.int/#/report-info?reportId=520"
"520","Africa","Botswana","Foot and mouth disease virus (Inf. with) ","5143","9864","Resolved","3111","2006-04-11","2006-11-08","Terrestrial","-21.91","27.74","https://wahis.oie.int/#/report-info?reportId=520"
"520","Africa","Botswana","Foot and mouth disease virus (Inf. with) ","5143","10030","Resolved","3146","2006-04-11","2006-11-08","Terrestrial","-21.89","28.02","https://wahis.oie.int/#/report-info?reportId=520"
"520","Africa","Botswana","Foot and mouth disease virus (Inf. with) ","5143","10033","Resolved","3164","2006-04-11","2006-11-08","Terrestrial","-22.01","28.21","https://wahis.oie.int/#/report-info?reportId=520"
"520","Africa","Botswana","Foot and mouth disease virus (Inf. with) ","5143","10032","Resolved","3163","2006-04-11","2006-11-08","Terrestrial","-22","28.1","https://wahis.oie.int/#/report-info?reportId=520"
"520","Africa","Botswana","Foot and mouth disease virus (Inf. with) ","5143","10035","Resolved","3166","2006-04-11","2006-11-08","Terrestrial","-21.96","28.34","https://wahis.oie.int/#/report-info?reportId=520"
"520","Africa","Botswana","Foot and mouth disease virus (Inf. with) ","5143","10034","Resolved","3165","2006-04-11","2006-11-08","Terrestrial","-21.93","28.21","https://wahis.oie.int/#/report-info?reportId=520"
"520","Africa","Botswana","Foot and mouth disease virus (Inf. with) ","5143","10037","Resolved","3168","2006-04-11","2006-11-08","Terrestrial","-22","28.46","https://wahis.oie.int/#/report-info?reportId=520"
"520","Africa","Botswana","Foot and mouth disease virus (Inf. with) ","5143","10036","Resolved","3167","2006-04-11","2006-11-08","Terrestrial","-21.96","28.45","https://wahis.oie.int/#/report-info?reportId=520"
"520","Africa","Botswana","Foot and mouth disease virus (Inf. with) ","5143","10039","Resolved","3170","2006-04-11","2006-11-08","Terrestrial","-21.93","28.53","https://wahis.oie.int/#/report-info?reportId=520"
"520","Africa","Botswana","Foot and mouth disease virus (Inf. with) ","5143","10038","Resolved","3169","2006-04-11","2006-11-08","Terrestrial","-22.05","28.46","https://wahis.oie.int/#/report-info?reportId=520"
"520","Africa","Botswana","Foot and mouth disease virus (Inf. with) ","5143","9872","Resolved","3113","2006-04-11","2006-11-08","Terrestrial","-21.84","27.86","https://wahis.oie.int/#/report-info?reportId=520"
"520","Africa","Botswana","Foot and mouth disease virus (Inf. with) ","5143","9873","Resolved","3114","2006-04-11","2006-11-08","Terrestrial","-21.77","28.06","https://wahis.oie.int/#/report-info?reportId=520"
"520","Africa","Botswana","Foot and mouth disease virus (Inf. with) ","5143","9871","Resolved","3112","2006-04-11","2006-11-08","Terrestrial","-21.96","28.42","https://wahis.oie.int/#/report-info?reportId=520"
"520","Africa","Botswana","Foot and mouth disease virus (Inf. with) ","5143","9876","Resolved","3117","2006-04-11","2006-11-08","Terrestrial","-21.84","27.81","https://wahis.oie.int/#/report-info?reportId=520"
"520","Africa","Botswana","Foot and mouth disease virus (Inf. with) ","5143","10040","Resolved","3171","2006-04-11","2006-11-08","Terrestrial","-22.01","28.58","https://wahis.oie.int/#/report-info?reportId=520"
"520","Africa","Botswana","Foot and mouth disease virus (Inf. with) ","5143","9877","Resolved","3118","2006-04-11","2006-11-08","Terrestrial","-21.83","28.13","https://wahis.oie.int/#/report-info?reportId=520"
"520","Africa","Botswana","Foot and mouth disease virus (Inf. with) ","5143","9874","Resolved","3115","2006-04-11","2006-11-08","Terrestrial","-21.86","28.32","https://wahis.oie.int/#/report-info?reportId=520"
"520","Africa","Botswana","Foot and mouth disease virus (Inf. with) ","5143","10042","Resolved","3173","2006-04-11","2006-11-08","Terrestrial","-21.96","28.03","https://wahis.oie.int/#/report-info?reportId=520"
"520","Africa","Botswana","Foot and mouth disease virus (Inf. with) ","5143","9875","Resolved","3116","2006-04-11","2006-11-08","Terrestrial","-21.97","28.3","https://wahis.oie.int/#/report-info?reportId=520"
"520","Africa","Botswana","Foot and mouth disease virus (Inf. with) ","5143","10041","Resolved","3172","2006-04-11","2006-11-08","Terrestrial","-21.97","28.67","https://wahis.oie.int/#/report-info?reportId=520"
"520","Africa","Botswana","Foot and mouth disease virus (Inf. with) ","5143","10029","Resolved","3160","2006-04-11","2006-11-08","Terrestrial","-21.8","27.92","https://wahis.oie.int/#/report-info?reportId=520"
"520","Africa","Botswana","Foot and mouth disease virus (Inf. with) ","5143","10044","Resolved","3175","2006-04-11","2006-11-08","Terrestrial","-21.7","27.71","https://wahis.oie.int/#/report-info?reportId=520"
"520","Africa","Botswana","Foot and mouth disease virus (Inf. with) ","5143","10043","Resolved","3174","2006-04-11","2006-11-08","Terrestrial","-21.91","27.67","https://wahis.oie.int/#/report-info?reportId=520"
"520","Africa","Botswana","Foot and mouth disease virus (Inf. with) ","5143","10024","Resolved","3157","2006-04-11","2006-11-08","Terrestrial","-21.96","28.42","https://wahis.oie.int/#/report-info?reportId=520"
"520","Africa","Botswana","Foot and mouth disease virus (Inf. with) ","5143","10046","Resolved","3177","2006-04-11","2006-11-08","Terrestrial","-21.7","27.93","https://wahis.oie.int/#/report-info?reportId=520"
"520","Africa","Botswana","Foot and mouth disease virus (Inf. with) ","5143","10045","Resolved","3176","2006-04-11","2006-11-08","Terrestrial","-21.73","27.85","https://wahis.oie.int/#/report-info?reportId=520"
"520","Africa","Botswana","Foot and mouth disease virus (Inf. with) ","5143","10048","Resolved","3179","2006-04-11","2006-11-08","Terrestrial","-21.89","28.46","https://wahis.oie.int/#/report-info?reportId=520"
"520","Africa","Botswana","Foot and mouth disease virus (Inf. with) ","5143","10047","Resolved","3178","2006-04-11","2006-11-08","Terrestrial","-21.77","28.09","https://wahis.oie.int/#/report-info?reportId=520"
"520","Africa","Botswana","Foot and mouth disease virus (Inf. with) ","5143","10028","Resolved","3159","2006-04-11","2006-11-08","Terrestrial","-21.74","27.93","https://wahis.oie.int/#/report-info?reportId=520"
"520","Africa","Botswana","Foot and mouth disease virus (Inf. with) ","5143","10027","Resolved","3158","2006-04-11","2006-11-08","Terrestrial","-21.73","27.79","https://wahis.oie.int/#/report-info?reportId=520"
"520","Africa","Botswana","Foot and mouth disease virus (Inf. with) ","5143","10049","Resolved","3180","2006-04-11","2006-11-08","Terrestrial","-21.79","27.69","https://wahis.oie.int/#/report-info?reportId=520"
"196","Africa","Botswana","Foot and mouth disease virus (Inf. with) ","1230","2613","Resolved","13","2006-06-01","2006-07-31","Terrestrial","-17.9623661","24.67097092","https://wahis.oie.int/#/report-info?reportId=196"
"2951","Africa","Botswana","Foot and mouth disease virus (Inf. with) ","6354","1000003808","Resolved","10563","2008-04-25","2009-11-30","Terrestrial","-20.61333","22.3409","https://wahis.oie.int/#/report-info?reportId=2951"
"2951","Africa","Botswana","Foot and mouth disease virus (Inf. with) ","6354","1000003809","Resolved","10428","2008-04-25","2008-08-01","Terrestrial","-20.18537","23.2326","https://wahis.oie.int/#/report-info?reportId=2951"
"2951","Africa","Botswana","Foot and mouth disease virus (Inf. with) ","6354","20133","Resolved","9412","2007-10-09","2008-08-01","Terrestrial","-19.87242","22.39808","https://wahis.oie.int/#/report-info?reportId=2951"
"2951","Africa","Botswana","Foot and mouth disease virus (Inf. with) ","6354","1000003806","Resolved","10648","2008-04-25","2009-11-30","Terrestrial","-20.3","22.45","https://wahis.oie.int/#/report-info?reportId=2951"
"2951","Africa","Botswana","Foot and mouth disease virus (Inf. with) ","6354","1000003807","Resolved","10649","2008-04-25","2009-11-30","Terrestrial","-20.47358","22.7162","https://wahis.oie.int/#/report-info?reportId=2951"
"2951","Africa","Botswana","Foot and mouth disease virus (Inf. with) ","6354","1000003811","Resolved","10651","2008-04-25","2009-11-30","Terrestrial","-20.62","22.6","https://wahis.oie.int/#/report-info?reportId=2951"
"2951","Africa","Botswana","Foot and mouth disease virus (Inf. with) ","6354","1000004724","Resolved","10927","2008-06-26","2009-11-30","Terrestrial","-18.37052","21.82388","https://wahis.oie.int/#/report-info?reportId=2951"
"2951","Africa","Botswana","Foot and mouth disease virus (Inf. with) ","6354","1000003812","Resolved","10652","2008-04-25","2008-08-01","Terrestrial","-19.67233","22.18692","https://wahis.oie.int/#/report-info?reportId=2951"
"2951","Africa","Botswana","Foot and mouth disease virus (Inf. with) ","6354","1000003814","Resolved","10653","2008-04-25","2008-08-01","Terrestrial","-20.35285","22.94217","https://wahis.oie.int/#/report-info?reportId=2951"
"1527","Africa","Botswana","Foot and mouth disease virus (Inf. with) ","7234","1000004637","Resolved","10903","2008-07-13","2008-09-10","Terrestrial","-18.0142","24.397","https://wahis.oie.int/#/report-info?reportId=1527"
"1643","Africa","Botswana","Foot and mouth disease virus (Inf. with) ","7459","1000005818","Resolved","11325","2008-10-20","2008-12-03","Terrestrial","-21.045933","22.497433","https://wahis.oie.int/#/report-info?reportId=1643"
"2927","Africa","Botswana","Foot and mouth disease virus (Inf. with) ","9576","1000014762","Resolved","14814","2010-07-26","2010-10-11","Terrestrial","-17.88747","25.23022","https://wahis.oie.int/#/report-info?reportId=2927"
"3486","Africa","Botswana","Foot and mouth disease virus (Inf. with) ","10326","1000018554","Resolved","16069","2011-02-04","2011-06-06","Terrestrial","-20.58317","22.3368","https://wahis.oie.int/#/report-info?reportId=3486"
"5163","Africa","Botswana","Foot and mouth disease virus (Inf. with) ","10548","1000019500","Resolved","16451","2011-04-29","2013-11-07","Terrestrial","-21.4586","27.823117","https://wahis.oie.int/#/report-info?reportId=5163"
"5163","Africa","Botswana","Foot and mouth disease virus (Inf. with) ","10548","1000038374","Resolved","22330","2012-12-17","2013-11-07","Terrestrial","-21.571944","27.975556","https://wahis.oie.int/#/report-info?reportId=5163"
"5163","Africa","Botswana","Foot and mouth disease virus (Inf. with) ","10548","1000020022","Resolved","16581","2011-05-22","2013-11-07","Terrestrial","-21.46037","27.74133","https://wahis.oie.int/#/report-info?reportId=5163"
"5163","Africa","Botswana","Foot and mouth disease virus (Inf. with) ","10548","1000038407","Resolved","22338","2012-12-17","2013-11-07","Terrestrial","-21.571544","27.975556","https://wahis.oie.int/#/report-info?reportId=5163"
"4362","Africa","Botswana","Foot and mouth disease virus (Inf. with) ","10657","1000019988","Resolved","16570","2011-05-27","2012-06-06","Terrestrial","-21.57112","28.01165","https://wahis.oie.int/#/report-info?reportId=4362"
"4282","Africa","Botswana","Foot and mouth disease virus (Inf. with) ","11037","1000021213","Resolved","16964","2011-09-17","2012-05-15","Terrestrial","-20.81115","22.31848","https://wahis.oie.int/#/report-info?reportId=4282"
"5498","Africa","Botswana","Foot and mouth disease virus (Inf. with) ","12034","1000028510","Resolved","21452","2012-05-23","2014-05-20","Terrestrial","-20.13","23.03","https://wahis.oie.int/#/report-info?reportId=5498"
"5498","Africa","Botswana","Foot and mouth disease virus (Inf. with) ","12034","1000041794","Resolved","23490","2013-01-10","2014-05-20","Terrestrial","-19.8281","22.3641","https://wahis.oie.int/#/report-info?reportId=5498"
"6412","Africa","Botswana","Foot and mouth disease virus (Inf. with) ","15482","1000044897","Resolved","24743","2014-06-19","2014-10-30","Terrestrial","-18.2379","21.9614","https://wahis.oie.int/#/report-info?reportId=6412"
"6412","Africa","Botswana","Foot and mouth disease virus (Inf. with) ","15482","1000050069","Resolved","27330","2014-08-20","2014-10-30","Terrestrial","-18.3176","21.6538","https://wahis.oie.int/#/report-info?reportId=6412"
"6409","Africa","Botswana","Foot and mouth disease virus (Inf. with) ","16408","1000055089","Resolved","30923","2014-10-27","2015-02-28","Terrestrial","-19.410278","22.31556","https://wahis.oie.int/#/report-info?reportId=6409"
"6409","Africa","Botswana","Foot and mouth disease virus (Inf. with) ","16408","1000061157","Resolved","34890","2014-12-18","2015-02-28","Terrestrial","-19.3692","22.167","https://wahis.oie.int/#/report-info?reportId=6409"
"6961","Africa","Botswana","Foot and mouth disease virus (Inf. with) ","17327","1000061511","Resolved","35042","2015-03-09","2015-08-31","Terrestrial","-20.61353","22.314667","https://wahis.oie.int/#/report-info?reportId=6961"
"6961","Africa","Botswana","Foot and mouth disease virus (Inf. with) ","17327","1000061762","Resolved","35190","2015-03-10","2015-08-31","Terrestrial","-20.62332","22.37567","https://wahis.oie.int/#/report-info?reportId=6961"
"6961","Africa","Botswana","Foot and mouth disease virus (Inf. with) ","17327","1000062126","Resolved","35342","2015-04-17","2015-08-31","Terrestrial","-20.7568","22.4569","https://wahis.oie.int/#/report-info?reportId=6961"
"6961","Africa","Botswana","Foot and mouth disease virus (Inf. with) ","17327","1000061629","Resolved","35125","2015-03-10","2015-08-31","Terrestrial","-20.61555","22.31787","https://wahis.oie.int/#/report-info?reportId=6961"
"6961","Africa","Botswana","Foot and mouth disease virus (Inf. with) ","17327","1000061848","Resolved","35215","2015-03-30","2015-08-31","Terrestrial","-20.61356","22.71031","https://wahis.oie.int/#/report-info?reportId=6961"
"6940","Africa","Botswana","Foot and mouth disease virus (Inf. with) ","18037","1000063746","Resolved","36182","2015-06-21","2015-08-31","Terrestrial","-18.15277","24.3399062","https://wahis.oie.int/#/report-info?reportId=6940"
"7642","Africa","Botswana","Foot and mouth disease virus (Inf. with) ","18268","1000064494","Resolved","36551","2015-07-26","2016-03-31","Terrestrial","-20.78286","22.55128","https://wahis.oie.int/#/report-info?reportId=7642"
"7642","Africa","Botswana","Foot and mouth disease virus (Inf. with) ","18268","1000064572","Resolved","36572","2015-07-27","2016-03-31","Terrestrial","-20.86248333","22.44313333","https://wahis.oie.int/#/report-info?reportId=7642"
"7642","Africa","Botswana","Foot and mouth disease virus (Inf. with) ","18268","1000064571","Resolved","36571","2015-07-27","2016-03-31","Terrestrial","-20.905866388","22.4555663","https://wahis.oie.int/#/report-info?reportId=7642"
"7642","Africa","Botswana","Foot and mouth disease virus (Inf. with) ","18268","1000064574","Resolved","36573","2015-07-27","2016-03-31","Terrestrial","-20.8031333","22.4541833","https://wahis.oie.int/#/report-info?reportId=7642"
"7642","Africa","Botswana","Foot and mouth disease virus (Inf. with) ","18268","1000064930","Resolved","36783","2015-08-10","2016-03-31","Terrestrial","-20.775045","22.447653","https://wahis.oie.int/#/report-info?reportId=7642"
"7642","Africa","Botswana","Foot and mouth disease virus (Inf. with) ","18268","1000064569","Resolved","36569","2015-07-27","2016-03-31","Terrestrial","-20.8378999","22.4222835","https://wahis.oie.int/#/report-info?reportId=7642"
"7642","Africa","Botswana","Foot and mouth disease virus (Inf. with) ","18268","1000064568","Resolved","36568","2015-07-27","2016-03-31","Terrestrial","-20.7748497","22.4777167","https://wahis.oie.int/#/report-info?reportId=7642"
"7642","Africa","Botswana","Foot and mouth disease virus (Inf. with) ","18268","1000064570","Resolved","36570","2015-07-27","2016-03-31","Terrestrial","-20.9236497","22.3777833","https://wahis.oie.int/#/report-info?reportId=7642"
"7642","Africa","Botswana","Foot and mouth disease virus (Inf. with) ","18268","1000065064","Resolved","36851","2015-08-17","2016-03-31","Terrestrial","-20.824849","22.4111777","https://wahis.oie.int/#/report-info?reportId=7642"
"7643","Africa","Botswana","Foot and mouth disease virus (Inf. with) ","18296","1000064575","Resolved","36574","2015-08-03","2016-03-30","Terrestrial","-19.83808","23.56922","https://wahis.oie.int/#/report-info?reportId=7643"
"7643","Africa","Botswana","Foot and mouth disease virus (Inf. with) ","18296","1000065820","Resolved","37268","2015-08-15","2016-03-30","Terrestrial","-19.89432","23.56543","https://wahis.oie.int/#/report-info?reportId=7643"
"7643","Africa","Botswana","Foot and mouth disease virus (Inf. with) ","18296","1000064932","Resolved","36784","2015-08-11","2016-03-30","Terrestrial","-19.74939","23.528633","https://wahis.oie.int/#/report-info?reportId=7643"
"7643","Africa","Botswana","Foot and mouth disease virus (Inf. with) ","18296","1000065065","Resolved","36852","2015-08-11","2016-03-30","Terrestrial","-19.888","23.518183","https://wahis.oie.int/#/report-info?reportId=7643"
"10798","Africa","Botswana","Foot and mouth disease virus (Inf. with) ","24840","1000093711","Resolved","51580","2017-09-19","2018-03-19","Terrestrial","-20.5841","23.0775","https://wahis.oie.int/#/report-info?reportId=10798"
"12156","Africa","Botswana","Foot and mouth disease virus (Inf. with) ","26946","1000103874","Resolved","57492","2018-08-03","2018-12-21","Terrestrial","-20.2981","22.39611","https://wahis.oie.int/#/report-info?reportId=12156"
"12156","Africa","Botswana","Foot and mouth disease virus (Inf. with) ","26946","1000103875","Resolved","57493","2018-07-29","2018-12-21","Terrestrial","-19.9081","22.45972","https://wahis.oie.int/#/report-info?reportId=12156"
"12156","Africa","Botswana","Foot and mouth disease virus (Inf. with) ","26946","1000102820","Resolved","56887","2018-06-30","2018-12-21","Terrestrial","-20.2978","22.5258","https://wahis.oie.int/#/report-info?reportId=12156"
"12156","Africa","Botswana","Foot and mouth disease virus (Inf. with) ","26946","1000103876","Resolved","57494","2018-08-02","2018-12-21","Terrestrial","-20.18111","22.47139","https://wahis.oie.int/#/report-info?reportId=12156"
"12156","Africa","Botswana","Foot and mouth disease virus (Inf. with) ","26946","1000102821","Resolved","56855","2018-07-02","2018-12-21","Terrestrial","-20.04192","22.25275","https://wahis.oie.int/#/report-info?reportId=12156"
"12156","Africa","Botswana","Foot and mouth disease virus (Inf. with) ","26946","1000102823","Resolved","56856","2018-07-10","2018-12-21","Terrestrial","-20.17251","22.46078","https://wahis.oie.int/#/report-info?reportId=12156"
"12156","Africa","Botswana","Foot and mouth disease virus (Inf. with) ","26946","1000102824","Resolved","56889","2018-07-17","2018-12-21","Terrestrial","-20.26682","22.56803","https://wahis.oie.int/#/report-info?reportId=12156"
"12156","Africa","Botswana","Foot and mouth disease virus (Inf. with) ","26946","1000102814","Resolved","56881","2018-06-27","2018-12-21","Terrestrial","-20.1944","22.7464","https://wahis.oie.int/#/report-info?reportId=12156"
"12156","Africa","Botswana","Foot and mouth disease virus (Inf. with) ","26946","1000102825","Resolved","56890","2018-07-12","2018-12-21","Terrestrial","-20.37328","22.68577","https://wahis.oie.int/#/report-info?reportId=12156"
"12156","Africa","Botswana","Foot and mouth disease virus (Inf. with) ","26946","1000102815","Resolved","56882","2018-06-25","2018-12-21","Terrestrial","-20.1647","22.7178","https://wahis.oie.int/#/report-info?reportId=12156"
"12156","Africa","Botswana","Foot and mouth disease virus (Inf. with) ","26946","1000102816","Resolved","56883","2018-06-27","2018-12-21","Terrestrial","-20.47358","22.7162","https://wahis.oie.int/#/report-info?reportId=12156"
"12156","Africa","Botswana","Foot and mouth disease virus (Inf. with) ","26946","1000102817","Resolved","56884","2018-06-27","2018-12-21","Terrestrial","-20.37095","22.68468","https://wahis.oie.int/#/report-info?reportId=12156"
"12156","Africa","Botswana","Foot and mouth disease virus (Inf. with) ","26946","1000101090","Resolved","55783","2018-06-09","2018-12-21","Terrestrial","-20.41593","22.52868","https://wahis.oie.int/#/report-info?reportId=12156"
"12156","Africa","Botswana","Foot and mouth disease virus (Inf. with) ","26946","1000102818","Resolved","56885","2018-06-30","2018-12-21","Terrestrial","-20.34055","22.69437","https://wahis.oie.int/#/report-info?reportId=12156"
"12156","Africa","Botswana","Foot and mouth disease virus (Inf. with) ","26946","1000102819","Resolved","56886","2018-06-30","2018-12-21","Terrestrial","-20.20556","22.53889","https://wahis.oie.int/#/report-info?reportId=12156"
"12156","Africa","Botswana","Foot and mouth disease virus (Inf. with) ","26946","1000103250","Resolved","57159","2018-07-29","2018-12-21","Terrestrial","-19.84","22.38472","https://wahis.oie.int/#/report-info?reportId=12156"
"12156","Africa","Botswana","Foot and mouth disease virus (Inf. with) ","26946","1000103253","Resolved","57160","2018-07-10","2018-12-21","Terrestrial","-20.17996","22.50112","https://wahis.oie.int/#/report-info?reportId=12156"
"12156","Africa","Botswana","Foot and mouth disease virus (Inf. with) ","26946","1000103254","Resolved","57161","2018-07-29","2018-12-21","Terrestrial","-20.1725","22.46078","https://wahis.oie.int/#/report-info?reportId=12156"
"16023","Africa","Botswana","Foot and mouth disease virus (Inf. with) ","36146","1000138215","On-going","77384","2020-09-13",NULL,"Terrestrial","-18.61333","22.10778","https://wahis.oie.int/#/report-info?reportId=16023"
"39075","Africa","Botswana","High pathogenicity avian influenza viruses (poultry) (Inf. with)","evt_3924","ob_90504","On-going","94556","2021-07-24",NULL,"Terrestrial","-24.427","26.023","https://wahis.oie.int/#/report-info?reportId=39075"
"822","Africa","Botswana","Newcastle disease virus (Inf. with) ","5925","14708","On-going","5594","2005-07-07","2007-09-03","Terrestrial","-25.68","25.21","https://wahis.oie.int/#/report-info?reportId=822"
"822","Africa","Botswana","Newcastle disease virus (Inf. with) ","5925","14709","On-going","5595","2005-07-07","2005-08-02","Terrestrial","-24.36","26.13","https://wahis.oie.int/#/report-info?reportId=822"
"822","Africa","Botswana","Newcastle disease virus (Inf. with) ","5925","16589","On-going","7162","2005-07-07","2005-07-07","Terrestrial","-25.241","25.692","https://wahis.oie.int/#/report-info?reportId=822"
"7647","Africa","Botswana","Newcastle disease virus (Inf. with) ","15757","1000065386","Resolved","37004","2015-06-11","2016-03-30","Terrestrial","-21.9743","27.83982","https://wahis.oie.int/#/report-info?reportId=7647"
"7647","Africa","Botswana","Newcastle disease virus (Inf. with) ","15757","1000065385","Resolved","37003","2015-06-05","2016-03-30","Terrestrial","-24.6667","25.8843","https://wahis.oie.int/#/report-info?reportId=7647"
"7647","Africa","Botswana","Newcastle disease virus (Inf. with) ","15757","1000065544","Resolved","37102","2015-07-07","2016-03-30","Terrestrial","-21.9758","27.84","https://wahis.oie.int/#/report-info?reportId=7647"
"7647","Africa","Botswana","Newcastle disease virus (Inf. with) ","15757","1000065543","Resolved","37101","2015-08-05","2016-03-30","Terrestrial","-24.6464","25.9119","https://wahis.oie.int/#/report-info?reportId=7647"
"7647","Africa","Botswana","Newcastle disease virus (Inf. with) ","15757","1000065546","Resolved","37103","2015-07-07","2016-03-30","Terrestrial","-21.9758","27.84","https://wahis.oie.int/#/report-info?reportId=7647"
"7647","Africa","Botswana","Newcastle disease virus (Inf. with) ","15757","1000065548","Resolved","37105","2015-08-04","2016-03-30","Terrestrial","-24.5736","25.9666","https://wahis.oie.int/#/report-info?reportId=7647"
"7647","Africa","Botswana","Newcastle disease virus (Inf. with) ","15757","1000055160","Resolved","30981","2014-07-04","2016-03-30","Terrestrial","-24.0566","26.3003","https://wahis.oie.int/#/report-info?reportId=7647"
"7647","Africa","Botswana","Newcastle disease virus (Inf. with) ","15757","1000065547","Resolved","37104","2015-08-08","2016-03-30","Terrestrial","-23.9989","21.78","https://wahis.oie.int/#/report-info?reportId=7647"
"7647","Africa","Botswana","Newcastle disease virus (Inf. with) ","15757","1000057244","Resolved","32703","2014-07-23","2016-03-30","Terrestrial","-21.874642","27.749564","https://wahis.oie.int/#/report-info?reportId=7647"
"7647","Africa","Botswana","Newcastle disease virus (Inf. with) ","15757","1000055165","Resolved","30983","2014-07-02","2014-12-31","Terrestrial","-20.6466","25.9363","https://wahis.oie.int/#/report-info?reportId=7647"
"7647","Africa","Botswana","Newcastle disease virus (Inf. with) ","15757","1000055163","Resolved","30982","2014-06-30","2016-03-30","Terrestrial","-20.9194","27.5062","https://wahis.oie.int/#/report-info?reportId=7647"
"7647","Africa","Botswana","Newcastle disease virus (Inf. with) ","15757","1000055158","Resolved","30979","2014-08-04","2016-03-30","Terrestrial","-19.7599","23.5245","https://wahis.oie.int/#/report-info?reportId=7647"
"7647","Africa","Botswana","Newcastle disease virus (Inf. with) ","15757","1000055157","Resolved","30978","2014-07-02","2016-03-30","Terrestrial","-21.6337","26.633","https://wahis.oie.int/#/report-info?reportId=7647"
"7647","Africa","Botswana","Newcastle disease virus (Inf. with) ","15757","1000055156","Resolved","30977","2014-07-25","2016-03-30","Terrestrial","-23.8443","25.0157","https://wahis.oie.int/#/report-info?reportId=7647"
"7647","Africa","Botswana","Newcastle disease virus (Inf. with) ","15757","1000055159","Resolved","30980","2014-07-02","2016-03-30","Terrestrial","-24.9839","25.6536","https://wahis.oie.int/#/report-info?reportId=7647"
"7647","Africa","Botswana","Newcastle disease virus (Inf. with) ","15757","1000060344","Resolved","34427","2014-09-01","2016-03-30","Terrestrial","-21.4512","27.5224","https://wahis.oie.int/#/report-info?reportId=7647"
"7647","Africa","Botswana","Newcastle disease virus (Inf. with) ","15757","1000060343","Resolved","34426","2014-11-05","2016-03-30","Terrestrial","-24.4166667","26.15","https://wahis.oie.int/#/report-info?reportId=7647"
"7647","Africa","Botswana","Newcastle disease virus (Inf. with) ","15757","1000060342","Resolved","34425","2014-11-04","2016-03-30","Terrestrial","-17.816667","25.15","https://wahis.oie.int/#/report-info?reportId=7647"
"7647","Africa","Botswana","Newcastle disease virus (Inf. with) ","15757","1000060341","Resolved","34424","2014-08-11","2014-12-31","Terrestrial","-20.2146","25.2082","https://wahis.oie.int/#/report-info?reportId=7647"
"7647","Africa","Botswana","Newcastle disease virus (Inf. with) ","15757","1000065551","Resolved","37106","2015-07-30","2016-03-30","Terrestrial","-20.8564","27.6743","https://wahis.oie.int/#/report-info?reportId=7647"
"7647","Africa","Botswana","Newcastle disease virus (Inf. with) ","15757","1000065553","Resolved","37108","2015-07-28","2016-03-30","Terrestrial","-24.4167","26.15","https://wahis.oie.int/#/report-info?reportId=7647"
"7647","Africa","Botswana","Newcastle disease virus (Inf. with) ","15757","1000065552","Resolved","37107","2015-07-15","2016-03-30","Terrestrial","-20.6667","27.4167","https://wahis.oie.int/#/report-info?reportId=7647"
"7647","Africa","Botswana","Newcastle disease virus (Inf. with) ","15757","1000065555","Resolved","37110","2015-07-14","2016-03-30","Terrestrial","-19.9833","23.4167","https://wahis.oie.int/#/report-info?reportId=7647"
"7647","Africa","Botswana","Newcastle disease virus (Inf. with) ","15757","1000065554","Resolved","37109","2015-07-09","2016-03-30","Terrestrial","-19.9833","23.4167","https://wahis.oie.int/#/report-info?reportId=7647"
"7647","Africa","Botswana","Newcastle disease virus (Inf. with) ","15757","1000065557","Resolved","37112","2015-07-15","2016-03-30","Terrestrial","-21.1736","27.5125","https://wahis.oie.int/#/report-info?reportId=7647"
"7647","Africa","Botswana","Newcastle disease virus (Inf. with) ","15757","1000065556","Resolved","37111","2015-07-31","2016-03-30","Terrestrial","-24.8667","25.8167","https://wahis.oie.int/#/report-info?reportId=7647"
"7647","Africa","Botswana","Newcastle disease virus (Inf. with) ","15757","1000065559","Resolved","37114","2015-07-22","2016-03-30","Terrestrial","21.2815","27.4725","https://wahis.oie.int/#/report-info?reportId=7647"
"7647","Africa","Botswana","Newcastle disease virus (Inf. with) ","15757","1000065558","Resolved","37113","2015-06-15","2016-03-30","Terrestrial","-22.3755","26.7102","https://wahis.oie.int/#/report-info?reportId=7647"
"7647","Africa","Botswana","Newcastle disease virus (Inf. with) ","15757","1000055154","Resolved","30976","2014-07-02","2016-03-30","Terrestrial","-25.4661","21.8863","https://wahis.oie.int/#/report-info?reportId=7647"
"7647","Africa","Botswana","Newcastle disease virus (Inf. with) ","15757","1000057250","Resolved","32709","2014-08-07","2016-03-30","Terrestrial","-20.6667","27.4167","https://wahis.oie.int/#/report-info?reportId=7647"
"7647","Africa","Botswana","Newcastle disease virus (Inf. with) ","15757","1000057251","Resolved","32710","2014-08-01","2016-03-30","Terrestrial","-24.6019","24.7283","https://wahis.oie.int/#/report-info?reportId=7647"
"7647","Africa","Botswana","Newcastle disease virus (Inf. with) ","15757","1000057249","Resolved","32708","2014-07-30","2016-03-30","Terrestrial","-24.6581","25.9122","https://wahis.oie.int/#/report-info?reportId=7647"
"7647","Africa","Botswana","Newcastle disease virus (Inf. with) ","15757","1000057245","Resolved","32704","2014-08-04","2016-03-30","Terrestrial","-18.926","24.3","https://wahis.oie.int/#/report-info?reportId=7647"
"7647","Africa","Botswana","Newcastle disease virus (Inf. with) ","15757","1000057247","Resolved","32706","2014-08-12","2016-03-30","Terrestrial","-24.1248","26.5506","https://wahis.oie.int/#/report-info?reportId=7647"
"7647","Africa","Botswana","Newcastle disease virus (Inf. with) ","15757","1000057248","Resolved","32707","2014-05-19","2016-03-30","Terrestrial","-19.9833","23.4167","https://wahis.oie.int/#/report-info?reportId=7647"
"7647","Africa","Botswana","Newcastle disease virus (Inf. with) ","15757","1000046187","Resolved","25310","2014-01-20","2016-03-30","Terrestrial","-24.98","25.35","https://wahis.oie.int/#/report-info?reportId=7647"
"7647","Africa","Botswana","Newcastle disease virus (Inf. with) ","15757","1000046189","Resolved","25312","2014-01-10","2016-03-30","Terrestrial","-24.42","26.15","https://wahis.oie.int/#/report-info?reportId=7647"
"7647","Africa","Botswana","Newcastle disease virus (Inf. with) ","15757","1000046188","Resolved","25311","2014-02-13","2016-03-30","Terrestrial","-24.4066","25.487","https://wahis.oie.int/#/report-info?reportId=7647"
"7647","Africa","Botswana","Newcastle disease virus (Inf. with) ","15757","1000046182","Resolved","25308","2014-01-03","2015-12-31","Terrestrial","-22.23","26.43","https://wahis.oie.int/#/report-info?reportId=7647"
"7647","Africa","Botswana","Newcastle disease virus (Inf. with) ","15757","1000046185","Resolved","25309","2014-01-17","2014-12-31","Terrestrial","-24.8702","25.6535","https://wahis.oie.int/#/report-info?reportId=7647"
"7647","Africa","Botswana","Newcastle disease virus (Inf. with) ","15757","1000065384","Resolved","37002","2015-05-17","2016-03-30","Terrestrial","-23.9942","21.7579","https://wahis.oie.int/#/report-info?reportId=7647"
"7647","Africa","Botswana","Newcastle disease virus (Inf. with) ","15757","1000070728","Resolved","39997","2016-01-24","2016-03-30","Terrestrial","-23.57635","23.05502","https://wahis.oie.int/#/report-info?reportId=7647"
"13638","Africa","Botswana","Newcastle disease virus (Inf. with) ","25320","1000095594","Resolved","52614","2017-09-22","2018-04-05","Terrestrial","-22.3962","26.71868","https://wahis.oie.int/#/report-info?reportId=13638"
"13638","Africa","Botswana","Newcastle disease virus (Inf. with) ","25320","1000095593","Resolved","52591","2017-10-23","2018-04-05","Terrestrial","-24.6778","25.98283","https://wahis.oie.int/#/report-info?reportId=13638"
"13638","Africa","Botswana","Newcastle disease virus (Inf. with) ","25320","1000095595","Resolved","52615","2017-09-15","2018-04-05","Terrestrial","-24.5833","26.0333","https://wahis.oie.int/#/report-info?reportId=13638"
"13638","Africa","Botswana","Newcastle disease virus (Inf. with) ","25320","1000120879","Resolved","66510","2018-12-07","2018-12-30","Terrestrial","-22.16415","28.00853","https://wahis.oie.int/#/report-info?reportId=13638"
"13638","Africa","Botswana","Newcastle disease virus (Inf. with) ","25320","1000120878","Resolved","66509","2018-12-07","2019-01-15","Terrestrial","-24.17447","24.95432","https://wahis.oie.int/#/report-info?reportId=13638"
"13638","Africa","Botswana","Newcastle disease virus (Inf. with) ","25320","1000120877","Resolved","66508","2018-11-21","2018-12-30","Terrestrial","-21.69467","21.64767","https://wahis.oie.int/#/report-info?reportId=13638"
"13638","Africa","Botswana","Newcastle disease virus (Inf. with) ","25320","1000108471","Resolved","59948","2018-03-14","2018-12-17","Terrestrial","-24.66665","25.88943","https://wahis.oie.int/#/report-info?reportId=13638"
"13638","Africa","Botswana","Newcastle disease virus (Inf. with) ","25320","1000120882","Resolved","66513","2018-11-26","2018-12-30","Terrestrial","-24.8817","25.88117","https://wahis.oie.int/#/report-info?reportId=13638"
"13638","Africa","Botswana","Newcastle disease virus (Inf. with) ","25320","1000120880","Resolved","66511","2018-12-11","2019-01-15","Terrestrial","-25.22313","25.67165","https://wahis.oie.int/#/report-info?reportId=13638"
"13638","Africa","Botswana","Newcastle disease virus (Inf. with) ","25320","1000120875","Resolved","66507","2018-11-16","2018-12-30","Terrestrial","-22.5903","21.7012","https://wahis.oie.int/#/report-info?reportId=13638"
"13638","Africa","Botswana","Newcastle disease virus (Inf. with) ","25320","1000108468","Resolved","59947","2018-02-28","2018-08-30","Terrestrial","-22.3893","22.711","https://wahis.oie.int/#/report-info?reportId=13638"
"13638","Africa","Botswana","Newcastle disease virus (Inf. with) ","25320","1000120873","Resolved","66505","2018-11-22","2018-12-30","Terrestrial","-25.06313","25.63147","https://wahis.oie.int/#/report-info?reportId=13638"
"13638","Africa","Botswana","Newcastle disease virus (Inf. with) ","25320","1000120884","Resolved","66515","2018-10-26","2018-12-30","Terrestrial","-24.88117","25.88117","https://wahis.oie.int/#/report-info?reportId=13638"
"3040","Africa","Botswana","Rift Valley fever virus (Inf. with) ","9447","1000013894","Resolved","14433","2010-05-30","2010-11-29","Terrestrial","-24.8133","25.8303","https://wahis.oie.int/#/report-info?reportId=3040"
"6408","Africa","Botswana","Rift Valley fever virus (Inf. with) ","15716","1000046029","Resolved","25210","2014-07-25","2014-12-09","Terrestrial","-17.9645","24.6279","https://wahis.oie.int/#/report-info?reportId=6408"
"6408","Africa","Botswana","Rift Valley fever virus (Inf. with) ","15716","1000050053","Resolved","27320","2014-08-07","2014-12-09","Terrestrial","-24.6753","25.9729","https://wahis.oie.int/#/report-info?reportId=6408"
